,match_id,home_team,away_team,prematch_url,refreshed_at,odds_1,odds_X,odds_2,1X2 Vig,1X2 timestamp,odds_1X,odds_X2,odds_12,DC Vig,DC timestamp,odds_gol,odds_nogol,G/NG timestamp,G/NG Vig,odds_under_2.5,odds_over_2.5,U/O 2.5 timestamp,U/O 2.5 Vig
0,27965398,Vallecano,Celta,https://www.snai.it/sport/CALCIO/LIGA/VALLECANO%20-%20CELTA,,2.35,3.25,3.0,6.2404092071611155,2021-10-29 19:13:30,1.35,1.55,1.3,7.198294243070362,2021-10-30 15:38:11,1.7,2.05,2021-10-31 18:04:12,7.066666666666677,1.8,1.9,2021-10-31 18:04:12,7.567567567567576
1,28160042,Roma,Milan,https://www.snai.it/sport/CALCIO/SERIE%20A/ROMA%20-%20MILAN,,2.35,3.5,3.05,3.7642658482785043,2021-10-31 17:55:23,1.35,1.57,1.3,6.843039472572055,2021-10-31 08:41:50,1.55,2.3,2021-10-31 17:55:23,7.402597402597404,2.05,1.67,2021-10-31 17:55:23,7.970430107526886
2,27965392,Sociedad,Athletic Bilbao,https://www.snai.it/sport/CALCIO/LIGA/SOCIEDAD%20-%20ATHLETIC%20BILBAO,,2.15,3.1,3.75,5.1560573000664105,2021-10-31 18:04:04,1.25,1.67,1.35,6.522099676590111,2021-10-31 18:04:04,1.85,1.85,2021-10-31 18:04:04,7.499999999999985,1.63,2.15,2021-10-31 18:04:04,7.288359788359784
3,27884932,Clermont,Marsiglia,https://www.snai.it/sport/CALCIO/LIGUE%201/CLERMONT%20-%20MARSIGLIA,,3.3,3.5,2.15,5.11081390905617,2021-10-31 18:09:15,1.67,1.3,1.3,6.422413793103435,2021-10-31 18:09:15,1.6,2.25,2021-10-31 18:09:15,6.493506493506492,2.0,1.7,2021-10-31 18:09:15,8.10810810810812
4,28160032,Bologna,Cagliari,https://www.snai.it/sport/CALCIO/SERIE%20A/BOLOGNA%20-%20CAGLIARI,,1.65,3.9,5.25,5.0284629981024755,2021-11-01 18:26:31,1.14,2.2,1.24,6.462945139557279,2021-11-01 18:26:31,1.6,2.2,2021-11-01 18:26:31,7.368421052631582,2.15,1.63,2021-11-01 18:26:31,7.288359788359784
5,27751250,Wolves,Everton,https://www.snai.it/sport/CALCIO/PREMIER%20LEAGUE/WOLVES%20-%20EVERTON,,2.15,3.2,3.65,4.905803275584581,2021-11-01 18:27:58,1.27,1.67,1.33,6.458291190661734,2021-11-01 18:27:58,1.85,1.85,2021-10-31 18:01:13,7.499999999999985,1.65,2.15,2021-10-31 18:01:13,6.644736842105269
6,27965390,Levante,Granada,https://www.snai.it/sport/CALCIO/LIGA/LEVANTE%20-%20GRANADA,,2.05,3.25,3.9,4.934601664684897,2021-11-01 19:05:30,1.24,1.73,1.32,6.632023212872607,2021-11-01 19:05:30,1.85,1.85,2021-11-01 19:05:30,7.499999999999985,1.65,2.1,2021-11-01 19:05:30,7.599999999999999
7,27965418,Valencia,Atletico Madrid,https://www.snai.it/sport/CALCIO/LIGA/VALENCIA%20-%20ATLETICO%20MADRID,2021-11-05 07:24:27.639264,4.25,3.2,1.95,5.715047551328771,2021-11-02 08:30:14,1.8,1.2,1.32,6.823529411764694,2021-11-02 08:30:14,1.87,1.85,2021-11-03 07:19:36,7.002688172042987,1.65,2.1,2021-11-03 07:19:36,7.599999999999999
8,28933612,Malmo,Chelsea,https://www.snai.it/sport/CALCIO/CHAMPIONS%20LEAGUE/MALMO%20-%20CHELSEA,,13.0,6.5,1.21,5.411906193625976,2021-11-02 10:23:45,4.25,1.01,1.1,6.300540755072685,2021-11-02 10:23:45,2.25,1.57,2021-11-02 10:23:45,7.526178010471209,2.25,1.55,2021-11-02 10:23:45,8.223684210526322
9,28933588,Wolfsburg,Salisburgo,https://www.snai.it/sport/CALCIO/CHAMPIONS%20LEAGUE/WOLFSBURG%20-%20SALISBURGO,,2.45,3.5,2.75,5.43859649122807,2021-11-02 10:23:58,1.43,1.53,1.3,5.7548998492354135,2021-11-02 10:23:58,1.6,2.25,2021-11-02 10:23:58,6.493506493506492,2.0,1.7,2021-11-02 10:23:58,8.10810810810812
10,28160054,Juventus,Fiorentina,https://www.snai.it/sport/CALCIO/SERIE%20A/JUVENTUS%20-%20FIORENTINA,2021-11-05 07:20:47.308719,1.65,4.0,5.25,4.446742502585326,2021-11-02 18:23:37,1.14,2.2,1.23,6.748889090414441,2021-11-02 18:23:37,1.67,2.1,2021-11-03 16:41:21,6.9761273209549,2.05,1.67,2021-11-03 16:41:21,7.970430107526886
11,28933564,Atalanta,Manchester United,https://www.snai.it/sport/CALCIO/CHAMPIONS%20LEAGUE/ATALANTA%20-%20MANCHESTER%20UNITED,,2.95,3.55,2.3,5.25420395319109,2021-11-02 18:25:09,1.6,1.38,1.28,6.142401700318815,2021-11-02 18:25:09,1.4,2.65,2021-11-02 18:25:09,8.395061728395065,2.4,1.5,2021-11-02 18:25:09,7.692307692307685
12,28933540,Bayern,Benfica,https://www.snai.it/sport/CALCIO/CHAMPIONS%20LEAGUE/BAYERN%20-%20BENFICA,,1.15,8.25,16.0,5.058244077867268,2021-11-02 18:25:15,1.01,4.5,1.07,6.842453092225625,2021-11-02 10:24:22,1.95,1.77,2021-11-02 18:25:15,7.217741935483877,3.3,1.28,2021-11-02 18:25:15,7.772925764192135
13,28933542,Dynamo Kiev,Barcellona,https://www.snai.it/sport/CALCIO/CHAMPIONS%20LEAGUE/DYNAMO%20KIEV%20-%20BARCELLONA,,5.5,4.0,1.6,5.37634408602151,2021-11-02 18:25:21,2.25,1.13,1.23,6.647114136031891,2021-11-02 18:25:21,1.7,2.05,2021-11-02 18:25:21,7.066666666666677,2.05,1.7,2021-11-02 10:24:34,7.066666666666677
14,28933614,Juventus,Zenit St Pietroburgo,https://www.snai.it/sport/CALCIO/CHAMPIONS%20LEAGUE/JUVENTUS%20-%20ZENIT%20ST%20PIETROBURGO,,1.55,4.0,6.0,5.822784810126578,2021-11-02 18:25:28,1.11,2.4,1.23,6.128657986334922,2021-11-02 18:25:28,1.77,1.92,2021-11-02 18:25:28,7.902439024390249,1.97,1.75,2021-11-02 10:24:46,7.325268817204296
15,28933590,Siviglia,Lille,https://www.snai.it/sport/CALCIO/CHAMPIONS%20LEAGUE/SIVIGLIA%20-%20LILLE,,1.6,3.75,6.25,4.9128367670364375,2021-11-02 18:25:34,1.1,2.3,1.25,6.7109144542772885,2021-11-02 18:25:34,2.05,1.7,2021-11-02 10:24:58,7.066666666666677,1.7,2.05,2021-11-02 18:25:34,7.066666666666677
16,28933566,Villarreal,Young Boys,https://www.snai.it/sport/CALCIO/CHAMPIONS%20LEAGUE/VILLARREAL%20-%20YOUNG%20BOYS,,1.42,4.75,7.0,5.447081205567246,2021-11-02 18:25:40,1.08,2.75,1.17,6.727865684261379,2021-11-02 18:25:40,1.6,2.2,2021-11-02 18:25:40,7.368421052631582,2.55,1.45,2021-11-02 18:25:40,7.562499999999999
17,27965412,Espanyol,Granada,https://www.snai.it/sport/CALCIO/LIGA/ESPANYOL%20-%20GRANADA,2021-11-05 07:23:56.946343,1.85,3.35,4.5,5.773291663147215,2021-11-03 07:19:04,1.18,1.95,1.3,6.081632653061237,2021-11-02 08:29:41,2.0,1.75,2021-11-03 07:19:04,6.666666666666664,1.6,2.2,2021-10-31 18:04:34,7.368421052631582
18,27965402,Alaves,Levante,https://www.snai.it/sport/CALCIO/LIGA/ALAVES%20-%20LEVANTE,2021-11-05 07:24:09.100918,2.55,3.1,3.15,3.1193463670849213,2021-11-03 07:19:16,1.33,1.48,1.35,7.761675836095718,2021-11-03 07:19:16,1.9,1.8,2021-10-31 18:04:48,7.567567567567576,1.55,2.3,2021-10-31 18:04:48,7.402597402597404
19,28018254,Lens,Troyes,https://www.snai.it/sport/CALCIO/LIGUE%201/LENS%20-%20TROYES,2021-11-05 07:26:58.134566,1.63,4.0,5.0,5.970579751946925,2021-11-03 07:22:31,1.14,2.25,1.23,6.307630629426692,2021-11-05 06:26:58,1.75,2.0,2021-11-03 17:23:58,6.666666666666664,2.0,1.7,2021-11-05 06:26:58,8.10810810810812
20,28018316,Nantes,Strasburgo,https://www.snai.it/sport/CALCIO/LIGUE%201/NANTES%20-%20STRASBURGO,2021-11-05 07:27:28.143784,2.35,3.3,3.0,5.828779599271407,2021-11-03 07:23:03,1.35,1.55,1.3,7.198294243070362,2021-11-02 08:35:35,1.82,1.9,2021-11-03 07:23:03,7.043010752688164,1.7,2.05,2021-11-04 08:24:58,7.066666666666677
21,28018324,Saint Etienne,Clermont,https://www.snai.it/sport/CALCIO/LIGUE%201/SAINT%20ETIENNE%20-%20CLERMONT,2021-11-05 07:27:40.554670,2.55,3.2,2.8,5.820280296784831,2021-11-03 07:23:15,1.4,1.48,1.3,7.372764786795041,2021-11-01 20:20:07,1.55,2.35,2021-11-03 07:23:15,6.602564102564106,2.0,1.7,2021-10-31 18:10:20,8.10810810810812
22,28933414,Liverpool,Atletico Madrid,https://www.snai.it/sport/CALCIO/CHAMPIONS%20LEAGUE/LIVERPOOL%20-%20ATLETICO%20MADRID,2021-11-03 18:25:41.252777,1.65,3.9,5.0,5.879771829749895,2021-11-03 07:24:16,1.16,2.2,1.24,5.796618242438673,2021-11-03 07:24:16,1.6,2.15,2021-11-03 11:29:11,8.266666666666662,2.15,1.63,2021-11-03 11:29:11,7.288359788359784
23,28160050,Cagliari,Atalanta,https://www.snai.it/sport/CALCIO/SERIE%20A/CAGLIARI%20-%20ATALANTA,2021-11-05 07:20:53.582425,5.5,4.5,1.55,4.689440993788823,2021-11-03 10:55:51,2.4,1.13,1.19,6.6275116813980075,2021-11-03 10:55:51,1.57,2.25,2021-11-03 10:55:51,7.526178010471209,2.4,1.5,2021-11-03 07:06:15,7.692307692307685
24,27751266,Manchester United,Manchester City,https://www.snai.it/sport/CALCIO/PREMIER%20LEAGUE/MANCHESTER%20UNITED%20-%20MANCHESTER%20CITY,2021-11-05 07:22:19.547610,4.5,3.9,1.7,6.267672007540055,2021-11-03 11:03:13,2.1,1.19,1.23,6.082771896053907,2021-11-04 08:13:56,1.53,2.35,2021-11-03 11:03:13,7.33247422680413,2.3,1.55,2021-11-03 16:51:06,7.402597402597404
25,28018252,Bordeaux,Psg,https://www.snai.it/sport/CALCIO/LIGUE%201/BORDEAUX%20-%20PSG,2021-11-05 07:27:09.911550,9.0,5.5,1.3,5.852231163130928,2021-11-03 11:27:31,3.3,1.04,1.13,6.956167078524984,2021-11-03 11:27:31,1.77,1.92,2021-11-03 11:27:31,7.902439024390249,2.55,1.45,2021-11-02 08:35:17,7.562499999999999
26,28018260,Marsiglia,Metz,https://www.snai.it/sport/CALCIO/LIGUE%201/MARSIGLIA%20-%20METZ,2021-11-05 07:27:15.785825,1.4,4.75,7.25,5.903878994876795,2021-11-03 11:27:38,1.07,2.85,1.16,6.869561783405954,2021-11-05 06:27:15,1.8,1.9,2021-11-05 06:27:15,7.567567567567576,2.2,1.6,2021-11-05 06:27:15,7.368421052631582
27,28018258,Lorient,Brest,https://www.snai.it/sport/CALCIO/LIGUE%201/LORIENT%20-%20BREST,2021-11-05 07:27:22.134868,2.45,3.15,2.95,6.068592057761731,2021-11-03 11:27:44,1.35,1.5,1.33,7.376837761155541,2021-11-03 11:27:44,1.65,2.1,2021-11-04 08:24:51,7.599999999999999,1.83,1.87,2021-11-04 08:24:51,7.510810810810799
28,28933518,Sheriff Tiraspol,Inter,https://www.snai.it/sport/CALCIO/CHAMPIONS%20LEAGUE/SHERIFF%20TIRASPOL%20-%20INTER,2021-11-03 18:25:55.059919,10.0,5.25,1.32,4.584882280049573,2021-11-03 11:29:24,3.25,1.04,1.14,6.821754165356806,2021-11-03 11:29:24,1.85,1.87,2021-11-03 11:29:24,7.002688172042987,2.4,1.5,2021-11-02 10:29:42,7.692307692307685
29,28160068,Venezia,Roma,https://www.snai.it/sport/CALCIO/SERIE%20A/VENEZIA%20-%20ROMA,2021-11-05 07:21:00.097753,5.75,4.5,1.53,4.737412019491056,2021-11-03 16:41:34,2.45,1.12,1.19,6.601261387526282,2021-11-03 16:41:34,1.7,2.05,2021-11-01 18:27:02,7.066666666666677,2.15,1.6,2021-11-04 17:37:19,8.266666666666662
30,28933412,Milan,Porto,https://www.snai.it/sport/CALCIO/CHAMPIONS%20LEAGUE/MILAN%20-%20PORTO,2021-11-03 18:25:15.668661,2.0,3.55,3.8,4.292302234835048,2021-11-03 17:25:15,1.25,1.77,1.28,6.8129843207581295,2021-11-03 17:25:15,1.55,2.3,2021-11-03 17:25:15,7.402597402597404,2.1,1.65,2021-11-03 17:25:15,7.599999999999999
31,28933516,Real Madrid,Shakhtar Donetsk,https://www.snai.it/sport/CALCIO/CHAMPIONS%20LEAGUE/REAL%20MADRID%20-%20SHAKHTAR%20DONETSK,2021-11-03 18:25:22.042261,1.19,6.75,15.0,5.22683027549998,2021-11-03 17:25:22,1.02,4.0,1.09,6.882472413576494,2021-11-02 18:25:55,1.9,1.81,2021-11-03 17:25:22,7.304582210242588,2.9,1.37,2021-11-03 17:25:22,6.955503512880564
32,28933436,Dortmund,Ajax,https://www.snai.it/sport/CALCIO/CHAMPIONS%20LEAGUE/DORTMUND%20-%20AJAX,2021-11-03 18:25:28.358990,2.75,3.6,2.4,5.489260143198099,2021-11-03 17:25:28,1.55,1.43,1.27,6.185366016230362,2021-11-03 17:25:28,1.4,2.65,2021-11-03 17:25:28,8.395061728395065,2.45,1.5,2021-11-03 17:25:28,6.9620253164556845
33,28933390,Leipzig,Psg,https://www.snai.it/sport/CALCIO/CHAMPIONS%20LEAGUE/LEIPZIG%20-%20PSG,2021-11-03 18:25:34.697203,2.6,3.65,2.55,4.829416969816154,2021-11-03 17:25:34,1.5,1.47,1.27,6.294232796265607,2021-11-03 17:25:34,1.43,2.65,2021-11-03 17:25:34,7.120098039215705,2.4,1.5,2021-11-03 17:25:34,7.692307692307685
34,28933438,Sporting Cp,Besiktas,https://www.snai.it/sport/CALCIO/CHAMPIONS%20LEAGUE/SPORTING%20CP%20-%20BESIKTAS,2021-11-03 18:26:01.759168,1.4,4.75,7.5,5.4950260540028495,2021-11-03 17:26:01,1.07,2.85,1.17,6.548933328094917,2021-11-03 17:26:01,1.77,1.95,2021-11-03 17:26:01,7.217741935483877,2.25,1.55,2021-11-03 17:26:01,8.223684210526322
35,28936190,Legia Varsavia,Napoli,https://www.snai.it/sport/CALCIO/EUROPA%20LEAGUE/LEGIA%20VARSAVIA%20-%20NAPOLI,2021-11-04 09:47:33.118402,7.25,5.0,1.38,5.888439469476071,2021-11-03 17:26:48,2.9,1.07,1.15,6.932255330247124,2021-11-03 17:26:48,1.77,1.92,2021-11-04 08:47:33,7.902439024390249,2.2,1.6,2021-11-03 17:26:48,7.368421052631582
36,28160056,Lazio,Salernitana,https://www.snai.it/sport/CALCIO/SERIE%20A/LAZIO%20-%20SALERNITANA,2021-11-05 07:21:18.833448,1.3,5.75,9.25,4.875322441960451,2021-11-04 08:13:07,1.05,3.4,1.12,6.513911620294596,2021-11-03 07:06:41,1.87,1.83,2021-11-04 08:13:07,7.510810810810799,2.45,1.5,2021-11-04 17:37:39,6.9620253164556845
37,28160060,Napoli,Verona,https://www.snai.it/sport/CALCIO/SERIE%20A/NAPOLI%20-%20VERONA,2021-11-05 07:21:25.266953,1.4,4.75,6.75,6.7998961847910815,2021-11-04 08:13:14,1.08,2.85,1.17,6.169539219134714,2021-11-04 17:37:46,1.73,2.0,2021-11-04 17:37:46,7.238605898123319,2.35,1.55,2021-11-04 17:37:46,6.602564102564106
38,27751260,Crystal Palace,Wolves,https://www.snai.it/sport/CALCIO/PREMIER%20LEAGUE/CRYSTAL%20PALACE%20-%20WOLVES,2021-11-05 07:22:37.695209,2.5,3.2,3.1,3.389170237631483,2021-11-04 08:14:15,1.35,1.5,1.33,7.376837761155541,2021-11-04 08:14:15,1.87,1.85,2021-11-03 07:14:46,7.002688172042987,1.6,2.2,2021-10-31 18:01:47,7.368421052631582
39,27751256,Brighton,Newcastle,https://www.snai.it/sport/CALCIO/PREMIER%20LEAGUE/BRIGHTON%20-%20NEWCASTLE,2021-11-05 07:22:43.758131,1.6,4.0,5.5,5.37634408602151,2021-11-04 08:14:21,1.13,2.25,1.23,6.647114136031891,2021-11-03 07:14:53,1.85,1.85,2021-11-04 08:14:21,7.499999999999985,1.85,1.85,2021-10-31 18:01:54,7.499999999999985
40,27965416,Real Madrid,Vallecano,https://www.snai.it/sport/CALCIO/LIGA/REAL%20MADRID%20-%20VALLECANO,2021-11-05 07:24:15.368312,1.35,5.25,7.25,6.467576791808874,2021-11-04 08:15:59,1.07,3.0,1.14,6.764503554230695,2021-11-04 08:15:59,1.75,1.97,2021-11-04 08:15:59,7.325268817204296,2.4,1.5,2021-10-31 18:04:55,7.692307692307685
41,27965410,Maiorca,Elche,https://www.snai.it/sport/CALCIO/LIGA/MAIORCA%20-%20ELCHE,2021-11-05 07:24:33.555588,2.05,3.05,4.0,6.162648907231978,2021-11-04 08:16:19,1.22,1.7,1.35,6.918218085106378,2021-11-04 08:16:19,2.05,1.7,2021-11-05 06:24:33,7.066666666666677,1.5,2.4,2021-11-05 06:24:33,7.692307692307685
42,27965414,Osasuna,Sociedad,https://www.snai.it/sport/CALCIO/LIGA/OSASUNA%20-%20SOCIEDAD,2021-11-05 07:24:39.496424,3.15,3.3,2.4,3.582608695652175,2021-11-04 08:16:25,1.53,1.33,1.3,8.033513532305445,2021-11-04 08:16:25,1.87,1.85,2021-11-05 06:24:39,7.002688172042987,1.63,2.15,2021-11-05 06:24:39,7.288359788359784
43,27883268,Bayern,Friburgo,https://www.snai.it/sport/CALCIO/BUNDESLIGA/BAYERN%20-%20FRIBURGO,2021-11-05 07:25:33.925837,1.19,7.5,12.0,5.392871339605143,2021-11-04 08:16:59,1.02,4.5,1.07,6.419343775008567,2021-11-04 08:16:59,1.67,2.1,2021-11-05 06:25:33,6.9761273209549,3.75,1.23,2021-11-05 06:25:33,7.37951807228915
44,27883272,Wolfsburg,Augsburg,https://www.snai.it/sport/CALCIO/BUNDESLIGA/WOLFSBURG%20-%20AUGSBURG,2021-11-05 07:25:52.125949,1.53,4.25,6.25,4.661016949152531,2021-11-04 08:17:18,1.1,2.5,1.21,6.346749226006188,2021-11-05 06:25:52,1.77,1.92,2021-11-04 08:17:18,7.902439024390249,2.0,1.73,2021-11-05 06:25:52,7.238605898123319
45,28018322,Rennes,Lione,https://www.snai.it/sport/CALCIO/LIGUE%201/RENNES%20-%20LIONE,2021-11-05 07:27:52.494315,2.6,3.55,2.5,6.218248323511476,2021-11-04 08:25:24,1.5,1.47,1.27,6.294232796265607,2021-11-04 08:25:24,1.47,2.5,2021-11-03 11:28:16,7.430730478589422,2.25,1.55,2021-11-03 11:28:16,8.223684210526322
46,28936138,Brondby,Glasgow Rangers,https://www.snai.it/sport/CALCIO/EUROPA%20LEAGUE/BRONDBY%20-%20GLASGOW%20RANGERS,2021-11-04 09:47:14.345203,4.0,3.65,1.85,6.060342578906184,2021-11-04 08:47:14,1.9,1.22,1.27,6.252467995669058,2021-11-04 08:47:14,1.63,2.15,2021-11-04 08:47:14,7.288359788359784,2.0,1.73,2021-11-04 08:47:14,7.238605898123319
47,28936254,Galatasaray,Lokomotiv Mosca,https://www.snai.it/sport/CALCIO/EUROPA%20LEAGUE/GALATASARAY%20-%20LOKOMOTIV%20MOSCA,2021-11-04 09:47:20.715522,1.6,4.0,5.25,6.145251396648043,2021-11-04 08:47:20,1.14,2.25,1.22,6.599212034383947,2021-11-04 08:47:20,1.7,2.0,2021-11-04 08:47:20,8.10810810810812,2.0,1.7,2021-11-04 08:47:20,8.10810810810812
48,28936336,Genk,West Ham,https://www.snai.it/sport/CALCIO/EUROPA%20LEAGUE/GENK%20-%20WEST%20HAM,2021-11-04 09:47:26.887656,3.9,3.8,1.83,6.192798588772446,2021-11-04 08:47:26,1.9,1.23,1.24,6.793605866649513,2021-11-04 08:47:26,1.5,2.4,2021-11-04 08:47:26,7.692307692307685,2.25,1.55,2021-11-04 08:47:26,8.223684210526322
49,28936136,Lione,Sparta Praga,https://www.snai.it/sport/CALCIO/EUROPA%20LEAGUE/LIONE%20-%20SPARTA%20PRAGA,2021-11-04 09:47:39.766653,1.38,5.25,6.75,5.949805279099965,2021-11-04 08:47:39,1.08,2.9,1.14,6.887810984196525,2021-11-04 08:47:39,1.6,2.2,2021-11-04 08:47:39,7.368421052631582,2.65,1.4,2021-11-04 08:47:39,8.395061728395065
50,28936166,Monaco,Psv Eindhoven,https://www.snai.it/sport/CALCIO/EUROPA%20LEAGUE/MONACO%20-%20PSV%20EINDHOVEN,2021-11-04 09:47:46.073528,1.95,3.65,3.5,6.760550201179005,2021-11-04 08:47:46,1.28,1.8,1.27,5.847223116030641,2021-11-04 08:47:46,1.6,2.2,2021-11-04 08:47:46,7.368421052631582,2.05,1.7,2021-11-03 07:26:30,7.066666666666677
51,28936224,Olympiacos,Eintracht Frankfurt,https://www.snai.it/sport/CALCIO/EUROPA%20LEAGUE/OLYMPIACOS%20-%20EINTRACHT%20FRANKFURT,2021-11-04 09:47:52.394566,2.25,3.45,3.05,5.852967491798396,2021-11-04 08:47:52,1.35,1.6,1.3,6.321934945788143,2021-11-04 08:47:52,1.6,2.2,2021-11-04 08:47:52,7.368421052631582,1.95,1.75,2021-11-04 08:47:52,7.770270270270283
52,28936226,Anversa,Fenerbahce,https://www.snai.it/sport/CALCIO/EUROPA%20LEAGUE/ANVERSA%20-%20FENERBAHCE,2021-11-04 09:48:04.997038,2.45,3.55,2.65,6.297896127655249,2021-11-04 08:48:04,1.45,1.5,1.27,6.704382335556862,2021-11-04 08:48:04,1.5,2.45,2021-11-04 08:48:04,6.9620253164556845,2.2,1.6,2021-11-04 08:48:04,7.368421052631582
53,28936280,Braga,Ludogorets,https://www.snai.it/sport/CALCIO/EUROPA%20LEAGUE/BRAGA%20-%20LUDOGORETS,2021-11-04 09:48:11.418255,1.33,5.0,8.75,6.205923836389276,2021-11-04 08:48:11,1.05,3.15,1.15,6.516129032258075,2021-11-04 08:48:11,2.1,1.67,2021-11-04 08:48:11,6.9761273209549,2.0,1.7,2021-11-04 08:48:11,8.10810810810812
54,28936338,Din. Zagabria,Rapid Vienna,https://www.snai.it/sport/CALCIO/EUROPA%20LEAGUE/DIN.%20ZAGABRIA%20-%20RAPID%20VIENNA,2021-11-04 09:48:18.186828,1.73,3.8,4.5,5.9633173336723955,2021-11-04 08:48:18,1.18,2.05,1.24,6.616855016967099,2021-11-04 08:48:18,1.67,2.1,2021-11-04 08:48:18,6.9761273209549,2.0,1.73,2021-11-04 08:48:18,7.238605898123319
55,28936312,Ferencvaros,Celtic,https://www.snai.it/sport/CALCIO/EUROPA%20LEAGUE/FERENCVAROS%20-%20CELTIC,2021-11-04 09:48:24.560178,3.15,3.55,2.15,6.038593063019051,2021-11-04 08:48:24,1.65,1.33,1.27,6.7747654329246885,2021-11-04 08:48:24,1.55,2.3,2021-11-04 08:48:24,7.402597402597404,2.1,1.65,2021-11-04 08:48:24,7.599999999999999
56,28936192,Leicester,Spartak Mosca,https://www.snai.it/sport/CALCIO/EUROPA%20LEAGUE/LEICESTER%20-%20SPARTAK%20MOSCA,2021-11-04 09:48:30.533966,1.27,5.75,10.0,5.777232992484105,2021-11-04 08:48:30,1.03,3.55,1.12,6.7782064852437385,2021-11-04 08:48:30,1.95,1.77,2021-11-04 08:48:30,7.217741935483877,2.35,1.5,2021-11-04 08:48:30,8.441558441558444
57,28936310,Leverkusen,Betis,https://www.snai.it/sport/CALCIO/EUROPA%20LEAGUE/LEVERKUSEN%20-%20BETIS,2021-11-04 09:48:36.644728,2.1,3.55,3.25,6.153771666505273,2021-11-04 08:48:36,1.3,1.67,1.27,7.211294149321045,2021-11-04 08:48:36,1.5,2.4,2021-11-04 08:48:36,7.692307692307685,2.2,1.6,2021-11-04 08:48:36,7.368421052631582
58,28936256,Marsiglia,Lazio,https://www.snai.it/sport/CALCIO/EUROPA%20LEAGUE/MARSIGLIA%20-%20LAZIO,2021-11-04 09:48:44.325137,2.15,3.4,3.2,6.693258875149581,2021-11-04 08:48:44,1.32,1.65,1.3,6.229508196721314,2021-11-04 08:48:44,1.6,2.15,2021-11-04 08:48:44,8.266666666666662,1.92,1.75,2021-11-04 08:48:44,8.446866485013615
59,28936282,Stella Rossa,Midtjylland,https://www.snai.it/sport/CALCIO/EUROPA%20LEAGUE/STELLA%20ROSSA%20-%20MIDTJYLLAND,2021-11-04 09:48:50.133010,1.8,3.7,4.25,5.759946728816379,2021-11-04 08:48:50,1.2,1.95,1.25,6.810035842293923,2021-11-04 08:48:50,1.75,1.97,2021-11-03 07:28:33,7.325268817204296,1.85,1.85,2021-11-04 08:48:50,7.499999999999985
60,27751254,Brentford,Norwich,https://www.snai.it/sport/CALCIO/PREMIER%20LEAGUE/BRENTFORD%20-%20NORWICH,2021-11-05 07:22:25.516657,1.63,3.9,5.5,4.918144240182752,2021-11-04 17:38:17,1.13,2.25,1.24,6.360544722812123,2021-11-04 17:38:17,1.95,1.77,2021-11-04 08:14:02,7.217741935483877,1.75,1.95,2021-11-04 08:14:02,7.770270270270283
61,27751262,Everton,Tottenham,https://www.snai.it/sport/CALCIO/PREMIER%20LEAGUE/EVERTON%20-%20TOTTENHAM,2021-11-05 07:22:56.257599,3.1,3.3,2.45,3.2670783481281265,2021-11-04 17:38:48,1.53,1.35,1.3,7.56003098373354,2021-11-05 06:22:56,1.67,2.05,2021-11-05 06:22:56,7.970430107526886,1.8,1.92,2021-11-05 06:22:56,7.096774193548383
62,28160052,Empoli,Genoa,https://www.snai.it/sport/CALCIO/SERIE%20A/EMPOLI%20-%20GENOA,2021-11-05 07:20:33.740243,2.1,3.65,3.45,3.847832015271341,2021-11-05 06:20:33,1.3,1.7,1.27,6.754152823920266,2021-10-31 17:33:13,1.5,2.4,2021-11-05 06:20:33,7.692307692307685,2.2,1.6,2021-11-05 06:20:33,7.368421052631582
63,28160064,Spezia,Torino,https://www.snai.it/sport/CALCIO/SERIE%20A/SPEZIA%20-%20TORINO,2021-11-05 07:20:40.341803,3.5,3.6,2.05,4.8793960596575205,2021-11-05 06:20:40,1.73,1.3,1.27,6.308572928113357,2021-11-05 06:20:40,1.65,2.1,2021-11-04 08:12:28,7.599999999999999,2.0,1.7,2021-11-04 17:36:59,8.10810810810812
64,28160062,Sampdoria,Bologna,https://www.snai.it/sport/CALCIO/SERIE%20A/SAMPDORIA%20-%20BOLOGNA,2021-11-05 07:21:06.295576,2.35,3.5,2.9,5.309646685192543,2021-11-05 06:21:06,1.4,1.57,1.3,5.680805413434556,2021-11-05 06:21:06,1.5,2.4,2021-11-01 18:27:08,7.692307692307685,2.15,1.63,2021-11-04 17:37:26,7.288359788359784
65,28160066,Udinese,Sassuolo,https://www.snai.it/sport/CALCIO/SERIE%20A/UDINESE%20-%20SASSUOLO,2021-11-05 07:21:12.435418,2.4,3.45,2.9,4.8841354723707715,2021-11-05 06:21:12,1.4,1.55,1.3,6.044962531223977,2021-11-03 16:41:46,1.55,2.3,2021-10-31 08:42:40,7.402597402597404,2.05,1.7,2021-11-01 18:27:14,7.066666666666677
66,28160058,Milan,Inter,https://www.snai.it/sport/CALCIO/SERIE%20A/MILAN%20-%20INTER,2021-11-05 07:21:32.038027,3.0,3.55,2.25,5.612998522895123,2021-11-05 06:21:32,1.6,1.35,1.28,6.846361185983816,2021-11-04 17:37:52,1.53,2.35,2021-11-03 07:06:54,7.33247422680413,2.2,1.6,2021-11-03 16:42:05,7.368421052631582
67,27751268,Southampton,Aston Villa,https://www.snai.it/sport/CALCIO/PREMIER%20LEAGUE/SOUTHAMPTON%20-%20ASTON%20VILLA,2021-11-05 07:22:13.561724,2.0,3.55,3.65,5.2727771177922005,2021-11-05 06:22:13,1.27,1.77,1.28,6.262742095746936,2021-11-05 06:22:13,1.65,2.1,2021-11-05 06:22:13,7.599999999999999,1.92,1.77,2021-11-05 06:22:13,7.902439024390249
68,27751258,Chelsea,Burnley,https://www.snai.it/sport/CALCIO/PREMIER%20LEAGUE/CHELSEA%20-%20BURNLEY,2021-11-05 07:22:31.726366,1.25,5.75,12.0,5.414667580534619,2021-11-05 06:22:31,1.02,3.75,1.12,6.538386020027486,2021-11-05 06:22:31,2.3,1.57,2021-11-04 08:14:09,6.692506459948322,2.15,1.63,2021-11-03 11:03:26,7.288359788359784
69,27751252,Arsenal,Watford,https://www.snai.it/sport/CALCIO/PREMIER%20LEAGUE/ARSENAL%20-%20WATFORD,2021-11-05 07:22:50.086337,1.4,5.0,7.75,4.151943462897544,2021-11-05 06:22:50,1.07,2.9,1.16,6.606471030850266,2021-11-05 06:22:50,1.75,1.97,2021-11-04 17:38:42,7.325268817204296,2.35,1.55,2021-11-05 06:22:50,6.602564102564106
70,27751264,Leeds,Leicester,https://www.snai.it/sport/CALCIO/PREMIER%20LEAGUE/LEEDS%20-%20LEICESTER,2021-11-05 07:23:02.473141,2.75,3.5,2.45,5.43859649122807,2021-11-05 06:23:02,1.53,1.43,1.3,5.7548998492354135,2021-11-05 06:23:02,1.5,2.45,2021-11-03 07:15:12,6.9620253164556845,2.25,1.6,2021-11-05 06:23:02,6.493506493506492
71,27751270,West Ham,Liverpool,https://www.snai.it/sport/CALCIO/PREMIER%20LEAGUE/WEST%20HAM%20-%20LIVERPOOL,2021-11-05 07:23:08.520567,4.5,4.0,1.73,4.785201039596395,2021-11-05 06:23:08,2.05,1.19,1.23,6.59221442246331,2021-11-05 06:23:08,1.43,2.6,2021-11-04 08:14:48,7.741935483870972,2.55,1.45,2021-11-04 08:14:48,7.562499999999999
72,27965404,Athletic Bilbao,Cadiz,https://www.snai.it/sport/CALCIO/LIGA/ATHLETIC%20BILBAO%20-%20CADIZ,2021-11-05 07:23:50.750590,1.4,4.5,8.5,5.13728963684677,2021-11-05 06:23:50,1.06,2.9,1.19,6.039761635672462,2021-11-05 06:23:50,2.25,1.57,2021-11-03 17:09:47,7.526178010471209,1.8,1.9,2021-11-05 06:23:50,7.567567567567576
73,27965408,Celta,Barcellona,https://www.snai.it/sport/CALCIO/LIGA/CELTA%20-%20BARCELLONA,2021-11-05 07:24:03.000116,3.3,3.5,2.1,6.097560975609768,2021-11-05 06:24:02,1.67,1.3,1.28,6.945718782439799,2021-11-05 06:24:02,1.57,2.3,2021-11-03 17:10:00,6.692506459948322,2.05,1.67,2021-11-04 08:15:46,7.970430107526886
74,27965420,Villarreal,Getafe,https://www.snai.it/sport/CALCIO/LIGA/VILLARREAL%20-%20GETAFE,2021-11-05 07:24:21.704724,1.5,4.0,6.75,6.086956521739136,2021-11-05 06:24:21,1.08,2.5,1.22,6.785896202388366,2021-11-05 06:24:21,2.2,1.6,2021-11-04 08:16:06,7.368421052631582,1.65,2.1,2021-10-31 18:05:01,7.599999999999999
75,27965406,Betis,Siviglia,https://www.snai.it/sport/CALCIO/LIGA/BETIS%20-%20SIVIGLIA,2021-11-05 07:24:45.669602,2.8,3.2,2.55,5.820280296784831,2021-11-05 06:24:45,1.48,1.4,1.32,6.870062653228008,2021-11-04 08:16:32,1.77,1.97,2021-11-05 06:24:45,6.767379679144374,1.7,2.0,2021-11-01 19:06:34,8.10810810810812
76,27883276,Mainz,Monchengladbach,https://www.snai.it/sport/CALCIO/BUNDESLIGA/MAINZ%20-%20MONCHENGLADBACH,2021-11-05 07:25:27.222144,2.6,3.4,2.65,5.3112368633791585,2021-11-05 06:25:27,1.45,1.47,1.3,6.505272037115135,2021-11-05 06:25:27,1.55,2.3,2021-11-03 07:21:12,7.402597402597404,2.05,1.67,2021-11-03 07:21:12,7.970430107526886
77,27883282,Bochum,Hoffenheim,https://www.snai.it/sport/CALCIO/BUNDESLIGA/BOCHUM%20-%20HOFFENHEIM,2021-11-05 07:25:39.939227,3.6,3.7,1.97,5.272733836323598,2021-11-05 06:25:39,1.8,1.27,1.27,6.119096509240232,2021-11-05 06:25:39,1.5,2.35,2021-11-04 08:17:05,8.441558441558444,2.2,1.6,2021-11-03 07:21:25,7.368421052631582
78,27883274,Stoccarda,Bielefeld,https://www.snai.it/sport/CALCIO/BUNDESLIGA/STOCCARDA%20-%20BIELEFELD,2021-11-05 07:25:45.913563,1.87,3.65,4.0,5.54738717545103,2021-11-05 06:25:45,1.23,1.9,1.27,5.958714215554243,2021-11-05 06:25:45,1.6,2.2,2021-11-05 06:25:45,7.368421052631582,2.0,1.73,2021-11-03 07:21:32,7.238605898123319
79,27883270,Leipzig,Dortmund,https://www.snai.it/sport/CALCIO/BUNDESLIGA/LEIPZIG%20-%20DORTMUND,2021-11-05 07:25:58.247704,2.0,3.85,3.4,5.110547299746279,2021-11-05 06:25:58,1.3,1.77,1.24,6.570614623923517,2021-11-03 11:24:12,1.45,2.55,2021-11-04 08:17:25,7.562499999999999,2.4,1.5,2021-11-04 08:17:25,7.692307692307685
80,27883278,Hertha,Leverkusen,https://www.snai.it/sport/CALCIO/BUNDESLIGA/HERTHA%20-%20LEVERKUSEN,2021-11-05 07:26:04.308231,3.45,3.55,2.05,5.602500234984492,2021-11-05 06:26:04,1.73,1.3,1.28,6.037797434474649,2021-11-05 06:26:04,1.55,2.3,2021-11-04 08:17:31,7.402597402597404,2.05,1.65,2021-11-04 08:17:31,8.58108108108109
81,27883280,Colonia,Union Berlino,https://www.snai.it/sport/CALCIO/BUNDESLIGA/COLONIA%20-%20UNION%20BERLINO,2021-11-05 07:26:10.098237,2.1,3.5,3.4,5.30503978779841,2021-11-05 06:26:10,1.3,1.7,1.3,5.957446808510638,2021-11-05 06:26:10,1.55,2.35,2021-11-04 08:17:38,6.602564102564106,2.05,1.65,2021-11-04 08:17:38,8.58108108108109
82,27883284,Greuther Furth,Eintracht Frankfurt,https://www.snai.it/sport/CALCIO/BUNDESLIGA/GREUTHER%20FURTH%20-%20EINTRACHT%20FRANKFURT,2021-11-05 07:26:16.117302,3.65,3.7,1.95,5.398293668612489,2021-11-05 06:26:16,1.8,1.27,1.27,6.119096509240232,2021-11-05 06:26:16,1.57,2.25,2021-11-01 20:18:31,7.526178010471209,2.1,1.67,2021-11-05 06:26:16,6.9761273209549
83,28018256,Lille,Angers,https://www.snai.it/sport/CALCIO/LIGUE%201/LILLE%20-%20ANGERS,2021-11-05 07:27:04.125260,1.73,3.55,5.0,5.635880337415297,2021-11-05 06:27:04,1.15,2.05,1.27,6.749980534143123,2021-11-05 06:27:04,1.88,1.82,2021-11-03 11:27:25,7.524324324324309,1.7,2.0,2021-11-03 07:22:37,8.10810810810812
84,28018320,Reims,Monaco,https://www.snai.it/sport/CALCIO/LIGUE%201/REIMS%20-%20MONACO,2021-11-05 07:27:34.394206,3.9,3.4,1.92,6.660800703915528,2021-11-05 06:27:34,1.82,1.23,1.3,6.177703269069561,2021-11-05 06:27:34,1.8,1.9,2021-11-01 20:20:01,7.567567567567576,1.73,2.0,2021-11-05 06:27:34,7.238605898123319
85,28018318,Nizza,Montpellier,https://www.snai.it/sport/CALCIO/LIGUE%201/NIZZA%20-%20MONTPELLIER,2021-11-05 07:27:46.554509,1.55,4.5,5.5,4.689440993788823,2021-11-05 06:27:46,1.13,2.35,1.18,7.319244591017325,2021-11-05 06:27:46,1.63,2.15,2021-11-05 06:27:46,7.288359788359784,2.25,1.55,2021-11-01 20:20:13,8.223684210526322
86,28933544,Dynamo Kiev,Bayern,https://www.snai.it/sport/CALCIO/CHAMPIONS%20LEAGUE/DYNAMO%20KIEV%20-%20BAYERN,2021-11-05 07:34:31.189816,11.0,6.75,1.23,4.948872063070789,2021-11-05 06:28:39,4.0,1.03,1.09,6.467972549387144,2021-11-05 06:28:39,1.97,1.75,2021-11-05 06:28:39,7.325268817204296,2.55,1.45,2021-11-05 06:28:39,7.562499999999999
87,28933568,Villarreal,Manchester United,https://www.snai.it/sport/CALCIO/CHAMPIONS%20LEAGUE/VILLARREAL%20-%20MANCHESTER%20UNITED,2021-11-05 07:34:37.289603,3.55,3.65,2.0,5.2727771177922005,2021-11-05 06:28:51,1.77,1.28,1.27,6.262742095746936,2021-11-05 06:28:51,1.6,2.25,2021-11-05 06:28:51,6.493506493506492,2.05,1.67,2021-11-05 06:28:51,7.970430107526886
88,28933546,Barcellona,Benfica,https://www.snai.it/sport/CALCIO/CHAMPIONS%20LEAGUE/BARCELLONA%20-%20BENFICA,2021-11-05 07:34:43.624014,1.65,4.25,5.0,3.971242725094138,2021-11-05 06:29:02,1.16,2.2,1.21,6.6755319148936225,2021-11-05 06:29:02,1.6,2.2,2021-11-05 06:29:02,7.368421052631582,2.25,1.6,2021-11-05 06:29:02,6.493506493506492
89,28933616,Chelsea,Juventus,https://www.snai.it/sport/CALCIO/CHAMPIONS%20LEAGUE/CHELSEA%20-%20JUVENTUS,2021-11-05 07:34:50.152226,1.77,3.7,4.5,5.4341547939930805,2021-11-05 06:29:14,1.19,2.0,1.27,6.003451868207052,2021-11-05 06:29:14,1.75,1.97,2021-11-05 06:29:14,7.325268817204296,1.85,1.85,2021-11-05 06:29:14,7.499999999999985
90,28933592,Lille,Salisburgo,https://www.snai.it/sport/CALCIO/CHAMPIONS%20LEAGUE/LILLE%20-%20SALISBURGO,2021-11-05 07:34:56.614678,2.4,3.55,2.8,5.258141382049244,2021-11-05 06:29:26,1.4,1.55,1.28,6.572485704675412,2021-11-05 06:29:26,1.57,2.3,2021-11-05 06:29:26,6.692506459948322,2.05,1.67,2021-11-05 06:29:26,7.970430107526886
91,28933618,Malmo,Zenit St Pietroburgo,https://www.snai.it/sport/CALCIO/CHAMPIONS%20LEAGUE/MALMO%20-%20ZENIT%20ST%20PIETROBURGO,2021-11-05 07:35:02.698459,3.25,3.6,2.15,4.815060070002845,2021-11-05 06:29:38,1.67,1.32,1.27,6.706833063965209,2021-11-05 06:29:38,1.6,2.2,2021-11-05 06:29:38,7.368421052631582,2.0,1.73,2021-11-05 06:29:38,7.238605898123319
92,28933594,Siviglia,Wolfsburg,https://www.snai.it/sport/CALCIO/CHAMPIONS%20LEAGUE/SIVIGLIA%20-%20WOLFSBURG,2021-11-05 07:35:09.201288,1.8,3.65,4.25,6.087614563188436,2021-11-05 06:29:50,1.21,1.97,1.27,5.725394329134423,2021-11-05 06:29:50,1.75,1.97,2021-11-05 06:29:50,7.325268817204296,1.85,1.85,2021-11-05 06:29:50,7.499999999999985
93,28933570,Young Boys,Atalanta,https://www.snai.it/sport/CALCIO/CHAMPIONS%20LEAGUE/YOUNG%20BOYS%20-%20ATALANTA,2021-11-05 07:35:15.298700,4.0,4.0,1.8,5.263157894736844,2021-11-05 06:30:01,1.97,1.23,1.23,6.263056092843334,2021-11-05 06:30:01,1.5,2.4,2021-11-05 06:30:01,7.692307692307685,2.35,1.55,2021-11-05 06:30:01,6.602564102564106
94,28933440,Besiktas,Ajax,https://www.snai.it/sport/CALCIO/CHAMPIONS%20LEAGUE/BESIKTAS%20-%20AJAX,2021-11-05 07:35:21.469733,5.0,4.0,1.65,5.308464849354383,2021-11-05 06:30:12,2.2,1.16,1.23,6.086644327429381,2021-11-05 06:30:12,1.5,2.4,2021-11-05 06:30:12,7.692307692307685,2.4,1.5,2021-11-05 06:30:12,7.692307692307685
95,28933520,Inter,Shakhtar Donetsk,https://www.snai.it/sport/CALCIO/CHAMPIONS%20LEAGUE/INTER%20-%20SHAKHTAR%20DONETSK,2021-11-05 07:35:27.724495,1.35,5.0,8.0,6.168549087749775,2021-11-05 06:30:24,1.06,3.05,1.16,6.250031247656421,2021-11-05 06:30:24,1.77,1.93,2021-11-05 06:30:24,7.672972972972989,2.35,1.53,2021-11-05 06:30:24,7.33247422680413
96,28933416,Atletico Madrid,Milan,https://www.snai.it/sport/CALCIO/CHAMPIONS%20LEAGUE/ATLETICO%20MADRID%20-%20MILAN,2021-11-05 07:35:33.610689,1.65,3.9,5.25,5.0284629981024755,2021-11-05 06:35:33,1.14,2.2,1.24,6.462945139557279,2021-11-05 06:35:33,1.8,1.9,2021-11-05 06:35:33,7.567567567567576,1.85,1.85,2021-11-05 06:35:33,7.499999999999985
97,28933392,Club Bruges,Leipzig,https://www.snai.it/sport/CALCIO/CHAMPIONS%20LEAGUE/CLUB%20BRUGES%20-%20LEIPZIG,2021-11-05 07:35:45.616899,3.25,3.65,2.1,5.469120576795378,2021-11-05 06:35:45,1.7,1.32,1.27,6.244695200184221,2021-11-05 06:35:45,1.55,2.35,2021-11-05 06:35:45,6.602564102564106,2.15,1.65,2021-11-05 06:35:45,6.644736842105269
98,28933418,Liverpool,Porto,https://www.snai.it/sport/CALCIO/CHAMPIONS%20LEAGUE/LIVERPOOL%20-%20PORTO,2021-11-05 07:35:57.125751,1.83,3.8,4.0,5.625296871819219,2021-11-05 06:35:57,1.23,1.93,1.25,6.153639368111464,2021-11-05 06:35:57,1.57,2.25,2021-11-05 06:35:57,7.526178010471209,2.15,1.65,2021-11-05 06:35:57,6.644736842105269
99,28933394,Manchester City,Psg,https://www.snai.it/sport/CALCIO/CHAMPIONS%20LEAGUE/MANCHESTER%20CITY%20-%20PSG,2021-11-05 07:36:10.353237,1.7,4.0,4.5,5.701078582434516,2021-11-05 06:36:10,1.19,2.1,1.23,6.082771896053907,2021-11-05 06:36:10,1.5,2.4,2021-11-05 06:36:10,7.692307692307685,2.35,1.53,2021-11-05 06:36:10,7.33247422680413
100,28933522,Sheriff Tiraspol,Real Madrid,https://www.snai.it/sport/CALCIO/CHAMPIONS%20LEAGUE/SHERIFF%20TIRASPOL%20-%20REAL%20MADRID,2021-11-05 07:36:21.769556,9.5,6.25,1.27,5.002992031747028,2021-11-05 06:36:21,3.7,1.04,1.1,6.581328625027574,2021-11-05 06:36:21,1.67,2.05,2021-11-05 06:36:21,7.970430107526886,3.05,1.33,2021-11-05 06:36:21,7.385844748858456
101,28933442,Sporting Cp,Dortmund,https://www.snai.it/sport/CALCIO/CHAMPIONS%20LEAGUE/SPORTING%20CP%20-%20DORTMUND,2021-11-05 07:36:33.169943,3.0,3.55,2.3,4.744312657981716,2021-11-05 06:36:33,1.6,1.35,1.28,6.846361185983816,2021-11-05 06:36:33,1.5,2.45,2021-11-05 06:36:33,6.9620253164556845,2.2,1.6,2021-11-05 06:36:33,7.368421052631582
